Lastprofilgruppe,Parameter,1,2,3,4,RMSE
LP_G2,k_e,-0.21656025077558017,0.2729892481868513,0.21552918165065105,1.7565185452662455,0.018287801526882388
LP_G2,k_a,0.7277874086320243,-0.01133331945763658,0.05455492635365687,1.5762829044751492,0.032885524783059214
