Lastprofilgruppe,Parameter,1,2,3,4,RMSE
LP_G4,k_e,-0.14584378881593119,0.23279043974937433,0.16049616209872905,1.652227204465394,0.014874515227735089
LP_G4,k_a,0.712808209419722,-0.021213092237168996,0.01917996637193625,1.5144592949873474,0.04494865916317986
