Lastprofilgruppe,Parameter,1,2,3,4,RMSE
LP_G0,k_e,-0.1395773955896798,0.22911598205017214,0.15522565651439976,1.6485486737477406,0.014394046296863843
LP_G0,k_a,0.7511574621637438,-0.011546035686035462,0.05412227938394391,1.5045612766209888,0.031429857223268194
