Lastprofilgruppe,Parameter,1,2,3,4,RMSE
LP_G_MV,k_e,-0.19484109766746896,0.2822780695352891,0.24431997073147083,1.5519408388609,0.02116666113970193
LP_G_MV,k_a,0.7588860159996873,-0.009648194488164409,0.0744789513108392,1.5354729145179562,0.024983480053390905
