Lastprofilgruppe,Parameter,1,2,3,4,RMSE
LP_G5,k_e,-0.1793689679737763,0.25897706757499295,0.19522639456506566,1.6416901224770868,0.01594105425468969
LP_G5,k_a,0.7661986404055724,-0.011392626825493007,0.05942390369649325,1.4914884144624667,0.030341009521487876
