Lastprofilgruppe,Parameter,1,2,3,4,RMSE
LP_G6,k_e,-0.17028701118672349,0.24771943851972494,0.18120809706919577,1.7262561372842948,0.01621107379599876
LP_G6,k_a,0.7352795649871157,-0.011373228116294109,0.056394129719261436,1.5592104571512135,0.031839682529662044
