Lastprofilgruppe,Parameter,1,2,3,4,RMSE
LP_L1,k_e,-0.13016720547120592,0.22320517154432426,0.13986913835937692,1.6609944747842977,0.017007490302228832
LP_L1,k_a,0.7599636191522092,-0.01201248439757985,0.053582784126048846,1.488088709580627,0.03318723778378867
