Lastprofilgruppe,Parameter,1,2,3,4,RMSE
LP_L0,k_e,-0.10591382810336564,0.20943825197999255,0.11712139456267301,1.5738711353751134,0.01754812028406198
LP_L0,k_a,0.7586398819140457,-0.012314593675729343,0.050537775751324794,1.4744197297664134,0.035591867889714954
