Lastprofilgruppe,Parameter,1,2,3,4,RMSE
LP_W_MFH_m_WP025,k_e,-0.04171347299292593,0.1732311066440055,0.05317225114938736,1.6683546940379026,0.01732676116927813
LP_W_MFH_m_WP025,k_a,0.8183303864589341,-0.02762502660684331,0.016475265849622767,1.4576787004604166,0.05179380193852205
