Lastprofilgruppe,Parameter,1,2,3,4,RMSE
LP_W_MFH_k_WP050,k_e,-0.4278360677875892,0.4485693133780155,0.34457551566378575,1.740842775499937,0.025875137101261377
LP_W_MFH_k_WP050,k_a,0.9747115605092103,-0.01687539942774944,0.0749983449774698,1.4329998394029195,0.048457085430656396
