Lastprofilgruppe,Parameter,1,2,3,4,RMSE
LP_W_EFH_WP050,k_e,-0.387109653521585,0.41935450447839095,0.32211609143485403,1.790993218951622,0.024872592514586452
LP_W_EFH_WP050,k_a,0.9619345911531856,-0.016490783651578356,0.07557333510806666,1.4652305055481685,0.04685267401816577
