Lastprofilgruppe,Parameter,1,2,3,4,RMSE
LP_WP,k_e,-1.7132390111943236,1.4432978643072787,1.5722636881692855,1.9948776229116905,0.04113349059490293
LP_WP,k_a,1.1250971585803715,-0.01945277730132197,0.11626973982452447,1.5024868120334536,0.04537304606936466
