Lastprofilgruppe,Parameter,1,2,3,4,RMSE
LP_W_MFH_m,k_e,-0.0995201457608608,0.20173927447559456,0.11246023652997636,1.7167002885724665,0.015927449551904928
LP_W_MFH_m,k_a,0.7673943726426253,-0.012395806132201424,0.052806453760578784,1.5338969965554032,0.03589772105737323
