Lastprofilgruppe,Parameter,1,2,3,4,RMSE
LP_W_MFH_m_WP075,k_e,-0.8824364622027125,0.7946327236187769,0.7376331357585244,1.8252361236563732,0.03048828493469096
LP_W_MFH_m_WP075,k_a,0.9949772758451435,-0.03204436779784703,0.04691181627644332,1.4381025207288454,0.052056627003051956
