Lastprofilgruppe,Parameter,1,2,3,4,RMSE
LP_W_W_WP025,k_e,-0.04096817491410384,0.16511412451892923,0.09068126393397939,1.8141850671422393,0.016869497993786037
LP_W_W_WP025,k_a,0.7471926674289869,-0.010827002837530422,0.06099430831695642,1.58980356949597,0.027328332171897427
