Lastprofilgruppe,Parameter,1,2,3,4,RMSE
LP_W_MFH_g,k_e,-0.09738870476071261,0.20050391927564504,0.10588097095860508,1.6483442949987692,0.016392798172631003
LP_W_MFH_g,k_a,0.7658210128852606,-0.012606168642626658,0.04995583357539438,1.5066982499222452,0.03751946909731877
