Lastprofilgruppe,Parameter,1,2,3,4,RMSE
LP_W_MFH_k,k_e,-0.11828321262036948,0.2133985152955486,0.13400773330102997,1.8343685214378522,0.015314015430952302
LP_W_MFH_k,k_a,0.7690237236198474,-0.012108898017313938,0.057207329451364676,1.591009207831599,0.03448452026318636
