Lastprofilgruppe,Parameter,1,2,3,4,RMSE
LP_W_MFH_k_WP025,k_e,-0.16566222296984204,0.25474695271429715,0.14823232455545168,1.750758881626801,0.018968522586680584
LP_W_MFH_k_WP025,k_a,0.8726015441609547,-0.014890288475844279,0.061688146936485284,1.4847926035023435,0.044439633915957545
