Lastprofilgruppe,Parameter,1,2,3,4,RMSE
LP_W_MFH_k_WP075,k_e,-1.0068801200990956,0.8845762325961241,0.8373501140184991,1.8299340307954925,0.030439669713377554
LP_W_MFH_k_WP075,k_a,0.9982789176810213,-0.032055890781072065,0.04787670587539399,1.4406185984377826,0.0517096056479471
