Lastprofilgruppe,Parameter,1,2,3,4,RMSE
LP_W_MFH_m_WP050,k_e,-0.29869400974349175,0.358957229261767,0.2437147384961761,1.7043596920497575,0.02529761415780837
LP_W_MFH_m_WP050,k_a,0.8597644049369259,-0.046037223503932384,-0.01524640473961121,1.4282191158314637,0.08554028699398224
