Lastprofilgruppe,Parameter,1,2,3,4,RMSE
LP_W_MFH_g_WP025,k_e,-0.034434696566554526,0.16834248020764483,0.04581417155547173,1.6326414928996011,0.01652509016301939
LP_W_MFH_g_WP025,k_a,0.8157038402466259,-0.027811326357241567,0.014560478775485115,1.4431906613849355,0.05236432136922558
