Lastprofilgruppe,Parameter,1,2,3,4,RMSE
LP_Ö_Büro_k,k_e,-0.2265221508938794,0.31096658576230873,0.2543737815719925,1.7028353121847293,0.012279472302445152
LP_Ö_Büro_k,k_a,0.8477598683636279,-0.01225218496779018,0.07628752449581291,1.5235875010786446,0.030809812858879942
