Lastprofilgruppe,Parameter,1,2,3,4,RMSE
LP_Ö_Schule_m,k_e,-0.12952127257462823,0.25043745660815286,0.17157482947574912,1.6030159521149452,0.013679873649649761
LP_Ö_Schule_m,k_a,0.8563945772370336,-0.01262051813373339,0.07189040574463001,1.4884006038827917,0.030337286469697047
