Lastprofilgruppe,Parameter,1,2,3,4,RMSE
LP_G_MH,k_e,-0.0697433821797902,0.17997935363007547,0.1714091463200714,1.953283982993063,0.017316353036214625
LP_G_MH,k_a,0.6882268172527964,-0.007005655606671145,0.08761603264440462,1.6722888669092273,0.01989538040581827
