Lastprofilgruppe,Parameter,1,2,3,4,RMSE
LP_G_G,k_e,-0.12511521285431357,0.22099402243392077,0.13975225468812172,1.5216044978818848,0.018643288272249564
LP_G_G,k_a,0.735524290832094,-0.011505570861256557,0.049626250767377394,1.481708599888073,0.03313389948951141
