Lastprofilgruppe,Parameter,1,2,3,4,RMSE
LP_G1,k_e,0.08997259031216766,0.10072374220108188,0.09182340221474096,1.952654387646618,0.02493769827114314
LP_G1,k_a,0.8607157105316766,-0.0004990328959525854,0.18505287649473412,1.6081463280512274,0.0164537619842506
