Lastprofilgruppe,Parameter,1,2,3,4,RMSE
LP_G3,k_e,-0.047490379213035894,0.17290107434727617,0.07059369833201909,1.486307415128998,0.018269488321327028
LP_G3,k_a,0.7487520153826313,-0.012564631858075088,0.04478583615007831,1.4730617287389203,0.03840826151341261
