Lastprofilgruppe,Parameter,1,2,3,4,RMSE
LP_L2,k_e,-0.1034156020260408,0.20777472207509834,0.11393940717022433,1.5581659367939973,0.01782446027012046
LP_L2,k_a,0.7558755918528398,-0.012356600738964331,0.049503556904055446,1.476358217521623,0.036443430402185215
