Lastprofilgruppe,Parameter,1,2,3,4,RMSE
LP_W_EFH_WP025,k_e,-0.09599561382749035,0.2095184224035893,0.1149092039323685,1.802936962630746,0.0162957664346097
LP_W_EFH_WP025,k_a,0.7928814729709859,-0.0249850326208592,0.02342958470420459,1.551620270673857,0.04722913369399391
