Lastprofilgruppe,Parameter,1,2,3,4,RMSE
LP_W_EFH,k_e,-0.014753711540424224,0.14505153069081467,0.07748017339622794,1.915281000976568,0.014704807868488714
LP_W_EFH,k_a,0.7141776931280714,-0.009683315575265855,0.06312682361116745,1.7006209249008173,0.02569247633283476
