Lastprofilgruppe,Parameter,1,2,3,4,RMSE
LP_W_W_WP075,k_e,-0.9000203850639543,0.8040715658690003,0.776785197154729,1.8774902270612035,0.031150429887631694
LP_W_W_WP075,k_a,1.036471611680062,-0.01773672246117865,0.09388185123871003,1.4591542244321385,0.04361119340703673
