Lastprofilgruppe,Parameter,1,2,3,4,RMSE
LP_W_W_WP050,k_e,-0.26918961784135936,0.3360924520595006,0.2600208843765557,1.8106226911929175,0.024225355077799923
LP_W_W_WP050,k_a,0.9026864222557824,-0.01461992750052459,0.07482664983743531,1.492379801722856,0.03754739133919223
