Lastprofilgruppe,Parameter,1,2,3,4,RMSE
LP_W_MFH_g_WP050,k_e,-0.29211048549859053,0.3540398463263811,0.23690420231655038,1.686762850238702,0.024901304951642944
LP_W_MFH_g_WP050,k_a,0.9089948813940206,-0.03045489572580961,0.027375119000352152,1.415060736840116,0.05404958377689173
