Lastprofilgruppe,Parameter,1,2,3,4,RMSE
LP_W_EFH_WP075,k_e,-1.0503921239715086,0.9122396578111465,0.8677581220977166,1.852794478076187,0.031062877861975095
LP_W_EFH_WP075,k_a,1.062820736826724,-0.018498817021161396,0.093794132103473,1.446983299872636,0.04790138958531347
