Lastprofilgruppe,Parameter,1,2,3,4,RMSE
LP_W_W,k_e,0.013420509376767791,0.11484458400851386,0.0656280846245232,1.8304275042188398,0.018919814269818522
LP_W_W,k_a,0.5972610730673653,-0.006066355916543183,0.06353239200319932,1.7858302951551197,0.020667926319742413
