Lastprofilgruppe,Parameter,1,2,3,4,RMSE
LP_W_MFH_g_WP075,k_e,-0.8659010572976028,0.7824212928758196,0.7233538157051886,1.8192162829669973,0.0302533145441715
LP_W_MFH_g_WP075,k_a,0.9936643376556317,-0.03199522245278126,0.04660053315109313,1.4360929878694124,0.052119155307562
