Lastprofilgruppe,Parameter,1,2,3,4,RMSE
LP_Ö_Schule_k,k_e,-0.053967086715669826,0.22056801322733963,0.17888135343354628,1.694230143120497,0.015118519351034001
LP_Ö_Schule_k,k_a,0.9112636507174767,-0.009027839923827614,0.11454932048297901,1.552615592207696,0.01995304571426159
