Lastprofilgruppe,Parameter,1,2,3,4,RMSE
LP_Ö_Büro_m,k_e,-0.1329148910614373,0.23383353083622868,0.14178605885610088,1.6222981247930084,0.015031364271915676
LP_Ö_Büro_m,k_a,0.8071053645591747,-0.013061518634290482,0.05688468535917018,1.4910566296330472,0.03672112033171148
