Lastprofilgruppe,Parameter,1,2,3,4,RMSE
LP_Ö_Schule_g,k_e,-0.06787354522895842,0.22610813749300016,0.17707276733367436,1.6764659568796367,0.01374513898331863
LP_Ö_Schule_g,k_a,0.9073864905927038,-0.009846140663196728,0.10565499473324473,1.5120723499256972,0.02039044263599024
