Lastprofilgruppe,Parameter,1,2,3,4,RMSE
LP_G2,k_e,0.038134603170480244,0.5040954494460461,0.303546978696304,2.3931087984820323,0.015683320928345828
LP_G2,k_a,0.6099650366947716,-0.021495710655924535,0.49405501722193174,1.9729310336867882,0.024177258067077736
