Lastprofilgruppe,Parameter,1,2,3,4,RMSE
LP_G1,k_e,-0.34074132277309893,2.1723667112232907,2.2767835251847237,1.5164428165258805,0.016770952835306104
LP_G1,k_a,0.9001017693409091,-0.03020045017682099,0.6587245724124098,1.304465168380714,0.02005934823193477
