Lastprofilgruppe,Parameter,1,2,3,4,RMSE
LP_G3,k_e,0.04329038226499094,0.4660678634667758,0.2770058886395389,2.5115518308608213,0.017962066761192393
LP_G3,k_a,0.5831646606131615,-0.02011643279596428,0.49041613705811377,2.0614410398313368,0.024400144418039317
