Lastprofilgruppe,Parameter,1,2,3,4,RMSE
LP_G_MV,k_e,-0.04773253036417282,0.9487489611869021,0.8501233445773024,1.9696941258863434,0.015613176737620192
LP_G_MV,k_a,0.7145430159290341,-0.036898804879726764,0.4879667464060521,1.6563597657422913,0.021222933441797213
