Lastprofilgruppe,Parameter,1,2,3,4,RMSE
LP_G4,k_e,0.0016115208253052562,0.7252509028458057,0.5503623875032598,2.0867168980947848,0.015520387167540133
LP_G4,k_a,0.6781811440078243,-0.036760481557262706,0.4472907032896307,1.746933237283765,0.023291418723737363
