Lastprofilgruppe,Parameter,1,2,3,4,RMSE
LP_W_MFH_k_WP050,k_e,0.0322738983945167,0.41675498975953995,0.3557896877868636,2.3621020382477593,0.01471547240613528
LP_W_MFH_k_WP050,k_a,0.46478716455245245,-0.009690229902067875,0.45939025916921156,2.0120832592227416,0.014282205730577608
