Lastprofilgruppe,Parameter,1,2,3,4,RMSE
LP_W_MFH_k_WP025,k_e,0.03085569233404868,0.42991361366681524,0.3341889831766779,2.584116685440447,0.013177431168173747
LP_W_MFH_k_WP025,k_a,0.4979876225473194,-0.013495320819611608,0.46715895032354987,2.1183719960608562,0.018054920455682046
