Lastprofilgruppe,Parameter,1,2,3,4,RMSE
LP_W_W,k_e,0.05628601113957793,0.3124889099922312,0.23927843884174257,3.0298089882583663,0.01741340623486841
LP_W_W,k_a,0.4565555647634421,-0.009000172004117953,0.5413395688675109,2.444891436462879,0.01702066545286831
