Lastprofilgruppe,Parameter,1,2,3,4,RMSE
LP_W_EFH_WP050,k_e,0.036435505026940415,0.4000946443809025,0.3523543687158874,2.4045051711382293,0.015205598278877887
LP_W_EFH_WP050,k_a,0.45481336098992425,-0.008538586219618253,0.47953620611205766,2.083533087926201,0.013389730100128132
