Lastprofilgruppe,Parameter,1,2,3,4,RMSE
LP_W_MFH_g_WP050,k_e,0.03693340659648931,0.39880541634327094,0.31865957555169927,2.4304971682050645,0.014434001797794265
LP_W_MFH_g_WP050,k_a,0.47002766782116745,-0.010114136641464218,0.4582462070912339,2.0261110615477493,0.015106966065266824
