Lastprofilgruppe,Parameter,1,2,3,4,RMSE
LP_WP,k_e,0.04294307930827544,0.30494945852814975,0.4151705862756077,2.275339604141434,0.04563779476332297
LP_WP,k_a,0.3998167650208995,0.004260372121767041,0.741335512660627,2.042508915807564,0.009068441530523134
