Lastprofilgruppe,Parameter,1,2,3,4,RMSE
LP_W_MFH_g_WP075,k_e,0.033079298806547315,0.36055742099161003,0.3367054787283231,2.3199527604360553,0.013687765978731916
LP_W_MFH_g_WP075,k_a,0.42962105289045405,-0.00355092423814332,0.49821038608675705,1.926482771027086,0.010822391466485884
