Lastprofilgruppe,Parameter,1,2,3,4,RMSE
LP_W_MFH_k_WP075,k_e,0.029325493976395476,0.36514541614061646,0.34954726285889093,2.3105885494229033,0.014517876599638765
LP_W_MFH_k_WP075,k_a,0.42807378062014967,-0.0031833326018138345,0.5036377868971376,1.915324301055439,0.01048562425574011
