Lastprofilgruppe,Parameter,1,2,3,4,RMSE
LP_W_MFH_m_WP025,k_e,0.04027418384116422,0.4074958440644257,0.2876993646816464,2.5897881002890877,0.013835708226490169
LP_W_MFH_m_WP025,k_a,0.5052078923116138,-0.014016668698111705,0.4668000324848095,2.1168729603368055,0.01892273473526998
