Lastprofilgruppe,Parameter,1,2,3,4,RMSE
LP_W_W_WP075,k_e,0.026634603216110525,0.35691116331118206,0.3677253561233554,2.4963018360870306,0.014748840722427149
LP_W_W_WP075,k_a,0.41919814718159976,-0.004237925382070235,0.5093354009272345,2.0205822679788605,0.00985786151652059
