Lastprofilgruppe,Parameter,1,2,3,4,RMSE
LP_W_W_WP025,k_e,0.0483565913576235,0.346282060751818,0.28971269425774115,2.8247978859449674,0.016653950287369136
LP_W_W_WP025,k_a,0.4583339439247236,-0.009092478472689484,0.5225440636023262,2.323013735370432,0.01524456036294519
