Lastprofilgruppe,Parameter,1,2,3,4,RMSE
LP_Ö_Schule_m,k_e,0.03452383691119481,0.5050785697596902,0.40117358117686064,2.2878339778873524,0.015318204889971865
LP_Ö_Schule_m,k_a,0.5690197762088638,-0.014758400207357717,0.5146013461384735,1.9098666145488157,0.01667373350207684
