Lastprofilgruppe,Parameter,1,2,3,4,RMSE
LP_Ö_Schule_g,k_e,0.011486087159208382,0.7222306912063361,0.693906383159381,1.8108126957757238,0.016283045196074302
LP_Ö_Schule_g,k_a,0.6595060961686943,-0.013347062144657865,0.6107508669139633,1.5990520126273844,0.011954835954564973
