Lastprofilgruppe,Parameter,1,2,3,4,RMSE
LP_Ö_Büro_m,k_e,0.030187942783264015,0.545972770784368,0.3870957857094441,2.270696199895196,0.013593450968070315
LP_Ö_Büro_m,k_a,0.6110706282428868,-0.019593799223909292,0.500485868449347,1.8772690424147223,0.01981969239331236
