Lastprofilgruppe,Parameter,1,2,3,4,RMSE
LP_Ö_Schule_k,k_e,0.033824462325810704,0.5942494294484189,0.5379617836320988,1.9766864454081519,0.015126773107344456
LP_Ö_Schule_k,k_a,0.6190834122853247,-0.01252274235705699,0.58400206132022,1.7118224623387148,0.012640050402581472
