{
    "SolidOxide": {
        "load_perc": [
            0.0,
            0.025,
            0.05,
            0.07500000000000001,
            0.1,
            0.125,
            0.15000000000000002,
            0.17500000000000002,
            0.2,
            0.225,
            0.25,
            0.275,
            0.3,
            0.325,
            0.35,
            0.375,
            0.4,
            0.42500000000000004,
            0.45,
            0.475,
            0.5,
            0.525,
            0.55,
            0.575,
            0.6,
            0.65,
            0.7,
            0.75,
            0.8,
            0.8500000000000001,
            0.9,
            0.95,
            1.0
        ],
        "sys_eff": [
            0.0,
            0.09125,
            0.1825,
            0.27375,
            0.365,
            0.395,
            0.425,
            0.45499999999999996,
            0.485,
            0.49875,
            0.5125,
            0.52625,
            0.54,
            0.55,
            0.56,
            0.57,
            0.58,
            0.585,
            0.59,
            0.595,
            0.6,
            0.60375,
            0.6074999999999999,
            0.61125,
            0.615,
            0.62375,
            0.6325000000000001,
            0.64125,
            0.65,
            0.6525000000000001,
            0.655,
            0.6575,
            0.66
        ]
    }
}