{
    "Alkaline": {
        "i_cell": [
            0.0,
            0.025,
            0.05,
            0.07500000000000001,
            0.1,
            0.125,
            0.15000000000000002,
            0.17500000000000002,
            0.2,
            0.25,
            0.30000000000000004,
            0.35000000000000003,
            0.4,
            0.45,
            0.5,
            0.55,
            0.6,
            0.65,
            0.7,
            0.75,
            0.8
        ],
        "U_cell": [
            1.2,
            1.2675,
            1.335,
            1.4024999999999999,
            1.47,
            1.5025,
            1.5350000000000001,
            1.5675000000000001,
            1.6,
            1.6375000000000002,
            1.675,
            1.7125,
            1.75,
            1.7875,
            1.825,
            1.8624999999999998,
            1.9,
            1.9375,
            1.9749999999999999,
            2.0124999999999997,
            2.05
        ]
    },
    "PEM": {
        "i_cell": [
            0.0,
            0.0125,
            0.025,
            0.037500000000000006,
            0.05,
            0.0625,
            0.07500000000000001,
            0.08750000000000001,
            0.1,
            0.125,
            0.15000000000000002,
            0.17500000000000002,
            0.2,
            0.25,
            0.30000000000000004,
            0.35000000000000003,
            0.4,
            0.45,
            0.5,
            0.55,
            0.6,
            0.65,
            0.7,
            0.75,
            0.8,
            0.8500000000000001,
            0.9,
            0.95,
            1.0,
            1.1,
            1.2,
            1.2999999999999998,
            1.4,
            1.5,
            1.6,
            1.7,
            1.8,
            1.85,
            1.9,
            1.95,
            2.0
        ],
        "U_cell": [
            1.2,
            1.25625,
            1.3125,
            1.36875,
            1.425,
            1.43625,
            1.4475,
            1.45875,
            1.47,
            1.4775,
            1.4849999999999999,
            1.4925,
            1.5,
            1.5150000000000001,
            1.53,
            1.545,
            1.56,
            1.57,
            1.58,
            1.59,
            1.6,
            1.6125,
            1.625,
            1.6375,
            1.65,
            1.6549999999999998,
            1.66,
            1.665,
            1.67,
            1.69,
            1.71,
            1.73,
            1.75,
            1.775,
            1.8,
            1.8250000000000002,
            1.85,
            1.8562500000000002,
            1.8625,
            1.86875,
            1.875
        ]
    }
}