{
    "PEM": {
        "i_cell": [
            0.0,
            0.1,
            0.125,
            0.15000000000000002,
            0.17500000000000002,
            0.2,
            0.25,
            0.30000000000000004,
            0.35000000000000003,
            0.4,
            0.45,
            0.5,
            0.55,
            0.6,
            0.65,
            0.7,
            0.75,
            0.8,
            0.8500000000000001,
            0.9,
            0.95,
            1.0,
            1.05,
            1.1,
            1.15,
            1.2,
            1.25,
            1.2999999999999998,
            1.3499999999999999,
            1.4
        ],
        "U_cell": [
            0.75,
            0.75,
            0.75,
            0.75,
            0.75,
            0.75,
            0.75,
            0.75,
            0.75,
            0.75,
            0.75,
            0.75,
            0.75,
            0.75,
            0.75,
            0.75,
            0.75,
            0.75,
            0.75,
            0.75,
            0.75,
            0.75,
            0.75,
            0.75,
            0.75,
            0.75,
            0.75,
            0.75,
            0.75,
            0.75
        ]
    }
}