{
    "PEM": {
        "i_cell": [
            0.0,
            0.1,
            0.125,
            0.15000000000000002,
            0.17500000000000002,
            0.2,
            0.25,
            0.30000000000000004,
            0.35000000000000003,
            0.4,
            0.45,
            0.5,
            0.55,
            0.6,
            0.65,
            0.7,
            0.75,
            0.8,
            0.8500000000000001,
            0.9,
            0.95,
            1.0,
            1.05,
            1.1,
            1.15,
            1.2,
            1.25,
            1.2999999999999998,
            1.3499999999999999,
            1.4
        ],
        "U_cell": [
            0.94,
            0.898,
            0.88825,
            0.8785000000000001,
            0.86875,
            0.859,
            0.8422499999999999,
            0.8255,
            0.8087500000000001,
            0.792,
            0.7817500000000001,
            0.7715000000000001,
            0.76125,
            0.751,
            0.743,
            0.735,
            0.727,
            0.719,
            0.71175,
            0.7044999999999999,
            0.6972499999999999,
            0.69,
            0.6812499999999999,
            0.6725,
            0.6637500000000001,
            0.655,
            0.64825,
            0.6415,
            0.63475,
            0.628
        ]
    }
}