{
    "Alkaline": {
        "i_cell": [
            0.0,
            0.025,
            0.05,
            0.07500000000000001,
            0.1,
            0.125,
            0.15000000000000002,
            0.17500000000000002,
            0.2,
            0.25,
            0.30000000000000004,
            0.35000000000000003,
            0.4,
            0.45,
            0.5,
            0.55,
            0.6,
            0.65,
            0.7,
            0.75,
            0.8
        ],
        "U_cell": [
            1.2,
            1.2675,
            1.335,
            1.4024999999999999,
            1.47,
            1.5025,
            1.5350000000000001,
            1.5675000000000001,
            1.6,
            1.6375000000000002,
            1.675,
            1.7125,
            1.75,
            1.7875,
            1.825,
            1.8624999999999998,
            1.9,
            1.9375,
            1.9749999999999999,
            2.0124999999999997,
            2.05
        ]
    },
    "PEM": {
        "i_cell": [
            0.0,
            0.0125,
            0.025,
            0.037500000000000006,
            0.05,
            0.0625,
            0.07500000000000001,
            0.08750000000000001,
            0.1,
            0.125,
            0.15000000000000002,
            0.17500000000000002,
            0.2,
            0.25,
            0.30000000000000004,
            0.35000000000000003,
            0.4,
            0.45,
            0.5,
            0.55,
            0.6,
            0.65,
            0.7,
            0.75,
            0.8,
            0.8500000000000001,
            0.9,
            0.95,
            1.0,
            1.1,
            1.2,
            1.2999999999999998,
            1.4,
            1.5,
            1.6,
            1.7,
            1.8,
            1.85,
            1.9,
            1.95,
            2.0,
            2.05,
            2.1,
            2.1500000000000004,
            2.2,
            2.25,
            2.3,
            2.35,
            2.4
        ],
        "U_cell": [
            1.2,
            1.25625,
            1.3125,
            1.36875,
            1.425,
            1.43395,
            1.4429,
            1.45185,
            1.4608,
            1.47185,
            1.4828999999999999,
            1.49395,
            1.505,
            1.5187499999999998,
            1.5325,
            1.5462500000000001,
            1.56,
            1.5702500000000001,
            1.5805,
            1.5907499999999999,
            1.601,
            1.6132499999999999,
            1.6255,
            1.63775,
            1.65,
            1.66,
            1.67,
            1.68,
            1.69,
            1.71,
            1.73,
            1.75,
            1.77,
            1.78765,
            1.8053,
            1.82295,
            1.8406,
            1.8492,
            1.8578000000000001,
            1.8664,
            1.875,
            1.88375,
            1.8925,
            1.9012499999999999,
            1.91,
            1.92,
            1.93,
            1.94,
            1.95
        ]
    }
}