{
    "rSOC515kW": {
        "load_percentage_soec": [
            0.0,
            0.025,
            0.05,
            0.07500000000000001,
            0.1,
            0.125,
            0.15000000000000002,
            0.17500000000000002,
            0.2,
            0.225,
            0.25,
            0.275,
            0.3,
            0.325,
            0.35,
            0.375,
            0.4,
            0.42500000000000004,
            0.45,
            0.475,
            0.5,
            0.525,
            0.55,
            0.575,
            0.6,
            0.65,
            0.7,
            0.75,
            0.8,
            0.8500000000000001,
            0.9,
            0.95,
            1.0
        ],
        "sys_eff_soec": [
            0.0,
            0.09125,
            0.1825,
            0.27375,
            0.365,
            0.395,
            0.425,
            0.45499999999999996,
            0.485,
            0.49875,
            0.5125,
            0.52625,
            0.54,
            0.55,
            0.56,
            0.57,
            0.58,
            0.585,
            0.59,
            0.595,
            0.6,
            0.60375,
            0.6074999999999999,
            0.61125,
            0.615,
            0.62375,
            0.6325000000000001,
            0.64125,
            0.65,
            0.6525000000000001,
            0.655,
            0.6575,
            0.66
        ],
        "load_percentage_sofc": [
            0.05,
            0.08750000000000001,
            0.125,
            0.16250000000000003,
            0.2,
            0.225,
            0.25,
            0.275,
            0.3,
            0.325,
            0.35,
            0.375,
            0.4,
            0.42500000000000004,
            0.45,
            0.475,
            0.5,
            0.525,
            0.55,
            0.575,
            0.6
        ],
        "sys_eff_sofc": [
            0.0,
            0.0725,
            0.145,
            0.21749999999999997,
            0.29,
            0.3125,
            0.33499999999999996,
            0.3575,
            0.38,
            0.39,
            0.4,
            0.41,
            0.42,
            0.42625,
            0.4325,
            0.43875,
            0.445,
            0.44575,
            0.4465,
            0.44725000000000004,
            0.448
        ]
    },
    "rSOC1040kW": {
        "load_percentage_soec": [
            0.091,
            0.11374999999999999,
            0.1365,
            0.15925,
            0.182,
            0.20475,
            0.2275,
            0.25025000000000003,
            0.273,
            0.29575,
            0.3185,
            0.34125,
            0.364,
            0.38675,
            0.4095,
            0.43225,
            0.455,
            0.47750000000000004,
            0.5,
            0.5225000000000001,
            0.545,
            0.56775,
            0.5905,
            0.6132500000000001,
            0.636,
            0.65875,
            0.6815,
            0.70425,
            0.727,
            0.7497499999999999,
            0.7725,
            0.79525,
            0.818,
            0.84075,
            0.8634999999999999,
            0.88625,
            0.909,
            0.9317500000000001,
            0.9545,
            0.97725,
            1.0
        ],
        "sys_eff_soec": [
            0.472,
            0.49849999999999994,
            0.5249999999999999,
            0.5515,
            0.578,
            0.5845,
            0.591,
            0.5974999999999999,
            0.604,
            0.6074999999999999,
            0.611,
            0.6145,
            0.618,
            0.623,
            0.628,
            0.633,
            0.638,
            0.63875,
            0.6395,
            0.64025,
            0.641,
            0.641,
            0.641,
            0.641,
            0.641,
            0.6435,
            0.646,
            0.6485000000000001,
            0.651,
            0.65175,
            0.6525000000000001,
            0.65325,
            0.654,
            0.655,
            0.656,
            0.657,
            0.658,
            0.67125,
            0.6845,
            0.69775,
            0.711
        ],
        "load_percentage_sofc": [
            0.1314,
            0.1948,
            0.2582,
            0.3216,
            0.385,
            0.40425,
            0.4235,
            0.44275000000000003,
            0.462,
            0.48500000000000004,
            0.508,
            0.531,
            0.554,
            0.57325,
            0.5925,
            0.61175,
            0.631,
            0.656,
            0.681,
            0.706,
            0.731,
            0.74825,
            0.7655000000000001,
            0.7827500000000001,
            0.8,
            0.8135,
            0.827,
            0.8405,
            0.854,
            0.87325,
            0.8925000000000001,
            0.9117500000000001,
            0.931,
            0.94825,
            0.9655,
            0.98275,
            1.0
        ],
        "sys_eff_sofc": [
            0.39,
            0.4375,
            0.485,
            0.5325,
            0.58,
            0.5925,
            0.605,
            0.6174999999999999,
            0.63,
            0.6325000000000001,
            0.635,
            0.6375,
            0.64,
            0.63875,
            0.6375,
            0.63625,
            0.635,
            0.63375,
            0.6325000000000001,
            0.63125,
            0.63,
            0.62875,
            0.6275,
            0.62625,
            0.625,
            0.62375,
            0.6225,
            0.62125,
            0.62,
            0.619,
            0.618,
            0.617,
            0.616,
            0.6094999999999999,
            0.603,
            0.5965,
            0.59
        ]
    }
}