{
    "rSOC515kW": {
        "load_percentage_soec": [
            0.0,
            0.025,
            0.05,
            0.07500000000000001,
            0.1,
            0.125,
            0.15000000000000002,
            0.17500000000000002,
            0.2,
            0.225,
            0.25,
            0.275,
            0.3,
            0.325,
            0.35,
            0.375,
            0.4,
            0.42500000000000004,
            0.45,
            0.475,
            0.5,
            0.525,
            0.55,
            0.575,
            0.6,
            0.65,
            0.7,
            0.75,
            0.8,
            0.8500000000000001,
            0.9,
            0.95,
            1.0
        ],
        "sys_eff_soec": [
            0.5,
            0.5,
            0.5,
            0.5,
            0.5,
            0.5,
            0.5,
            0.5,
            0.5,
            0.5,
            0.5,
            0.5,
            0.5,
            0.5,
            0.5,
            0.5,
            0.5,
            0.5,
            0.5,
            0.5,
            0.5,
            0.5,
            0.5,
            0.5,
            0.5,
            0.5,
            0.5,
            0.5,
            0.5,
            0.5,
            0.5,
            0.5,
            0.5
        ],
        "load_percentage_sofc": [
            0.05,
            0.08750000000000001,
            0.125,
            0.16250000000000003,
            0.2,
            0.225,
            0.25,
            0.275,
            0.3,
            0.325,
            0.35,
            0.375,
            0.4,
            0.42500000000000004,
            0.45,
            0.475,
            0.5,
            0.525,
            0.55,
            0.575,
            0.6
        ],
        "sys_eff_sofc": [
            0.5,
            0.5,
            0.5,
            0.5,
            0.5,
            0.5,
            0.5,
            0.5,
            0.5,
            0.5,
            0.5,
            0.5,
            0.5,
            0.5,
            0.5,
            0.5,
            0.5,
            0.5,
            0.5,
            0.5,
            0.5
        ]
    },
    "rSOC1040kW": {
        "load_percentage_soec": [
            0.091,
            0.11374999999999999,
            0.1365,
            0.15925,
            0.182,
            0.20475,
            0.2275,
            0.25025000000000003,
            0.273,
            0.29575,
            0.3185,
            0.34125,
            0.364,
            0.38675,
            0.4095,
            0.43225,
            0.455,
            0.47750000000000004,
            0.5,
            0.5225000000000001,
            0.545,
            0.56775,
            0.5905,
            0.6132500000000001,
            0.636,
            0.65875,
            0.6815,
            0.70425,
            0.727,
            0.7497499999999999,
            0.7725,
            0.79525,
            0.818,
            0.84075,
            0.8634999999999999,
            0.88625,
            0.909,
            0.9317500000000001,
            0.9545,
            0.97725,
            1.0
        ],
        "sys_eff_soec": [
            0.5,
            0.5,
            0.5,
            0.5,
            0.5,
            0.5,
            0.5,
            0.5,
            0.5,
            0.5,
            0.5,
            0.5,
            0.5,
            0.5,
            0.5,
            0.5,
            0.5,
            0.5,
            0.5,
            0.5,
            0.5,
            0.5,
            0.5,
            0.5,
            0.5,
            0.5,
            0.5,
            0.5,
            0.5,
            0.5,
            0.5,
            0.5,
            0.5,
            0.5,
            0.5,
            0.5,
            0.5,
            0.5,
            0.5,
            0.5,
            0.5
        ],
        "load_percentage_sofc": [
            0.1314,
            0.1948,
            0.2582,
            0.3216,
            0.385,
            0.40425,
            0.4235,
            0.44275000000000003,
            0.462,
            0.48500000000000004,
            0.508,
            0.531,
            0.554,
            0.57325,
            0.5925,
            0.61175,
            0.631,
            0.656,
            0.681,
            0.706,
            0.731,
            0.74825,
            0.7655000000000001,
            0.7827500000000001,
            0.8,
            0.8135,
            0.827,
            0.8405,
            0.854,
            0.87325,
            0.8925000000000001,
            0.9117500000000001,
            0.931,
            0.94825,
            0.9655,
            0.98275,
            1.0
        ],
        "sys_eff_sofc": [
            0.5,
            0.5,
            0.5,
            0.5,
            0.5,
            0.5,
            0.5,
            0.5,
            0.5,
            0.5,
            0.5,
            0.5,
            0.5,
            0.5,
            0.5,
            0.5,
            0.5,
            0.5,
            0.5,
            0.5,
            0.5,
            0.5,
            0.5,
            0.5,
            0.5,
            0.5,
            0.5,
            0.5,
            0.5,
            0.5,
            0.5,
            0.5,
            0.5,
            0.5,
            0.5,
            0.5,
            0.5
        ]
    }
}