Lastprofilgruppe,Parameter,1,2,3,4,RMSE
LP_G5,k_e,0.036052713753771726,0.48651889604164666,0.3471077584756055,2.5075178146956856,0.018279256819012792
LP_G5,k_a,0.5725699875743773,-0.01814843993532919,0.5006278985487186,2.0637398333902754,0.022019012540650997
