Lastprofilgruppe,Parameter,1,2,3,4,RMSE
LP_G_G,k_e,0.03033084640626338,0.5295898113015397,0.37482905418480644,2.441307165641051,0.01806158683874465
LP_G_G,k_a,0.5845896581034994,-0.030223461127479007,0.42982309831076326,2.020458887971458,0.024693191996234435
