Lastprofilgruppe,Parameter,1,2,3,4,RMSE
LP_G_MH,k_e,-0.2240572575211132,1.6398347602503744,1.6221108906058046,1.7697624894409965,0.01661315515193726
LP_G_MH,k_a,0.8144362425198186,-0.03108768616730171,0.5837238290926245,1.5121493826844947,0.021955871011267274
