Lastprofilgruppe,Parameter,1,2,3,4,RMSE
LP_G6,k_e,0.046504198597778955,0.4936126320324565,0.27857380111636965,2.365894583662093,0.01602360911963951
LP_G6,k_a,0.6162890110090361,-0.021767509524843656,0.5035721988279924,1.9542501142706001,0.02372724949506511
