Lastprofilgruppe,Parameter,1,2,3,4,RMSE
LP_L2,k_e,0.039381064813089395,0.5096719185588405,0.32140159744927804,2.4123731914139226,0.015677353979319273
LP_L2,k_a,0.6133510928878535,-0.021279240091999677,0.5066345611573148,1.97118832505912,0.023145260759084834
