Lastprofilgruppe,Parameter,1,2,3,4,RMSE
LP_L0,k_e,0.04294944891523002,0.4861217745616727,0.3089368727546574,2.481087633121785,0.015766671533477626
LP_L0,k_a,0.6036021950876395,-0.020353052118890387,0.5138171798645625,2.0086021327272934,0.02260249353140747
