Lastprofilgruppe,Parameter,1,2,3,4,RMSE
LP_W_MFH_m_WP075,k_e,0.03269119423519569,0.35920790432353716,0.336892229405104,2.3248907647357373,0.013937757075679801
LP_W_MFH_m_WP075,k_a,0.4295666435549504,-0.0033525372822954696,0.5021626210574232,1.924977237506613,0.010749238048503633
