Lastprofilgruppe,Parameter,1,2,3,4,RMSE
LP_W_MFH_m,k_e,0.03836030526521225,0.43457420010067044,0.294958940474905,2.6642272015263884,0.0157577783792633
LP_W_MFH_m,k_a,0.5343179916304195,-0.01704073729911724,0.4820770913584545,2.1890129008077306,0.02280768095495798
