Lastprofilgruppe,Parameter,1,2,3,4,RMSE
LP_W_EFH,k_e,0.045460407678105975,0.36784736142694396,0.2614874447255031,2.8536796233456876,0.016463956233440186
LP_W_EFH,k_a,0.4809203867202923,-0.013008601989181207,0.49423023355096746,2.3625144133643277,0.020659298741374715
