Lastprofilgruppe,Parameter,1,2,3,4,RMSE
LP_W_MFH_g_WP025,k_e,0.041133536254244686,0.40897930058206566,0.28345911115981887,2.5718314876332307,0.01439516558209958
LP_W_MFH_g_WP025,k_a,0.507794979622228,-0.01429481234671488,0.4640640088626406,2.1119904569634484,0.01930160558024487
