Lastprofilgruppe,Parameter,1,2,3,4,RMSE
LP_W_MFH_k,k_e,0.0354320885669119,0.431073117819063,0.30982152016963277,2.708702426036314,0.014677839002076209
LP_W_MFH_k,k_a,0.5229781809520501,-0.01616330545099472,0.4848120078945746,2.2113158578792396,0.021652693962966242
