Lastprofilgruppe,Parameter,1,2,3,4,RMSE
LP_W_W_WP050,k_e,0.040986243833932824,0.3671308784855385,0.33971032652892774,2.600231763761173,0.014325916386755268
LP_W_W_WP050,k_a,0.4439388651575371,-0.007975173557894894,0.501710594701093,2.1906159538433547,0.01239577098361415
