Lastprofilgruppe,Parameter,1,2,3,4,RMSE
LP_W_MFH_m_WP050,k_e,0.03536385904100368,0.40172145131406234,0.3273128221001711,2.4316621664194815,0.014395233605445144
LP_W_MFH_m_WP050,k_a,0.46875886548844625,-0.009917569865032113,0.4606920051169968,2.0255966917278507,0.014880399802155678
