Lastprofilgruppe,Parameter,1,2,3,4,RMSE
LP_W_EFH_WP075,k_e,0.029278201971613006,0.3634133494899579,0.35485784348372695,2.3322167803839076,0.015496443286709766
LP_W_EFH_WP075,k_a,0.4257831464096009,-0.0031845555910049654,0.51022175611655,1.9393456289760982,0.010108994889105312
