Lastprofilgruppe,Parameter,1,2,3,4,RMSE
LP_Ö_Büro_k,k_e,0.041981812908924,0.42963150904814645,0.30480908079540847,2.4373418536340625,0.01405494430543017
LP_Ö_Büro_k,k_a,0.5309227616253075,-0.013863783970663908,0.48532879325491973,2.0047306238378035,0.01738744535201999
