Lastprofilgruppe,Parameter,1,2,3,4,RMSE
LP_G0,k_e,-0.0007540790605446984,0.751684909282543,0.5623531688545272,2.0283865731996187,0.0159369671297297
LP_G0,k_a,0.6950694288725687,-0.038095742548014185,0.44777205572028284,1.7007734831502053,0.02325772237363731
