Lastprofilgruppe,Parameter,1,2,3,4,RMSE
LP_L1,k_e,0.050336790549726944,0.4348837048184462,0.29767963959463883,2.658554518095938,0.017169240977925222
LP_L1,k_a,0.571298356019505,-0.01757253049035999,0.5333727841847453,2.1359431610448967,0.021504742650365876
