Lastprofilgruppe,Parameter,1,2,3,4,RMSE
LP_W_EFH_WP025,k_e,0.03996434261590151,0.38542206675697743,0.2987220191392608,2.6690189304656116,0.01547738790509105
LP_W_EFH_WP025,k_a,0.4746198859630731,-0.011459745902352431,0.483890621650192,2.2229753751911336,0.017290834835315152
