Lastprofilgruppe,Parameter,1,2,3,4,RMSE
LP_W_MFH_g,k_e,0.04435658206059952,0.4205442385156456,0.26482647364586714,2.648159863536345,0.016546373490910784
LP_W_MFH_g,k_a,0.5388117416306178,-0.017368137770872892,0.48061261573201136,2.179186187307859,0.02333140562458008
